Municipality,Municipal Status,Geographic Area,Website,Agendas Link,Livestreaming Link,Livestreaming Platform,Livestreaming Format,Open License,Non-Municipal Livestream,Non-Municipal Livestream 2
"Addington Highlands, Township of",Lower Tier,Lennox and Addington,,,,,,,,
"Adelaide-Metcalfe, Township of",Lower Tier,Middlesex,,,,,,,,
"Adjala-Tosorontio, Township of",Lower Tier,Simcoe,,,,,,,,
"Admaston/Bromley, Township of",Lower Tier,Renfrew,,,,,,,,
"Ajax, Town of",Lower Tier,Durham,,,,,,,,
"Alberton, Township of",Single Tier,Rainy River,,,,,,,,
"Alfred and Plantagenet, Township of",Lower Tier,Prescott and Russell,,,,,,,,
"Algonquin Highlands, Township of",Lower Tier,Haliburton,,,,,,,,
"Alnwick/Haldimand, Township of",Lower Tier,Northumberland,,,,,,,,
"Amaranth, Township of",Lower Tier,Dufferin,,,,,,,,
"Amherstburg, Town of",Lower Tier,Essex,,,,,,,,
"Armour, Township of",Single Tier,Parry Sound,,,,,,,,
"Armstrong, Township of",Single Tier,Timiskaming,,,,,,,,
"Arnprior, Town of",Lower Tier,Renfrew,,,,,,,,
"Arran-Elderslie, Municipality of",Lower Tier,Bruce,,,,,,,,
"Ashfield-Colborne-Wawanosh, Township of",Lower Tier,Huron,,,,,,,,
"Asphodel-Norwood, Township of",Lower Tier,Peterborough,,,,,,,,
"Assiginack, Township of",Single Tier,Manitoulin,,,,,,,,
"Athens, Township of",Lower Tier,Leeds and Grenville,,,,,,,,
"Atikokan, Town of",Single Tier,Rainy River,,,,,,,,
"Augusta, Township of",Lower Tier,Leeds and Grenville,,,,,,,,
"Aurora, Town of",Lower Tier,York,,,,,,,,
"Aylmer, Town of",Lower Tier,Elgin,,,,,,,,
"Baldwin, Township of",Single Tier,Sudbury,,,,,,,,
"Bancroft, Town of",Lower Tier,Hastings,,,,,,,,
"Barrie, City of",Single Tier,Simcoe,,,,,,,,
"Bayham, Municipality of",Lower Tier,Elgin,,,,,,,,
"Beckwith, Township of",Lower Tier,Lanark,,,,,,,,
"Belleville, City of",Single Tier,Hastings,,,,,,,,
"Billings, Township of",Single Tier,Manitoulin,,,,,,,,
"Black River-Matheson, Township of",Single Tier,Cochrane,,,,,,,,
"Blandford-Blenheim, Township of",Lower Tier,Oxford,,,,,,,,
"Blind River, Town of",Single Tier,Algoma,,,,,,,,
"Bluewater, Municipality of",Lower Tier,Huron,,,,,,,,
"Bonfield, Township of",Single Tier,Nipissing,,,,,,,,
"Bonnechere Valley, Township of",Lower Tier,Renfrew,,,,,,,,
"Bracebridge, Town of",Lower Tier,Muskoka,,,,,,,,
"Bradford West Gwillimbury, Town of",Lower Tier,Simcoe,,,,,,,,
"Brampton, City of",Lower Tier,Peel,,,,,,,,
"Brant, County of",Single Tier,Brant,,,,,,,,
"Brantford, City of",Single Tier,Brant,,,,,,,,
"Brethour, Township of",Single Tier,Timiskaming,,,,,,,,
"Brighton, Municipality of",Lower Tier,Northumberland,,,,,,,,
"Brock, Township of",Lower Tier,Durham,,,,,,,,
"Brockton, Municipality of",Lower Tier,Bruce,,,,,,,,
"Brockville, City of",Single Tier,Leeds and Grenville,,,,,,,,
"Brooke-Alvinston, Municipality of",Lower Tier,Lambton,,,,,,,,
"Bruce Mines, Town of",Single Tier,Algoma,,,,,,,,
"Bruce, County of",Upper Tier,Bruce,,,,,,,,
"Brudenell, Lyndoch and Raglan, Township of",Lower Tier,Renfrew,,,,,,,,
"Burk's Falls, Village of",Single Tier,Parry Sound,,,,,,,,
"Burlington, City of",Lower Tier,Halton,,,,,,,,
"Burpee and Mills, Township of",Single Tier,Manitoulin,,,,,,,,
"Caledon, Town of",Lower Tier,Peel,,,,,,,,
"Callander, Municipality of",Single Tier,Parry Sound,,,,,,,,
"Calvin, Municipality of",Single Tier,Nipissing,,,,,,,,
"Cambridge, City of",Lower Tier,Waterloo,,,,,,,,
"Carleton Place, Town of",Lower Tier,Lanark,,,,,,,,
"Carling, Township of",Single Tier,Parry Sound,,,,,,,,
"Carlow/Mayo, Township of",Lower Tier,Hastings,,,,,,,,
"Casey, Township of",Single Tier,Timiskaming,,,,,,,,
"Casselman, Village of",Lower Tier,Prescott and Russell,,,,,,,,
"Cavan Monaghan, Township of",Lower Tier,Peterborough,,,,,,,,
"Central Elgin, Municipality of",Lower Tier,Elgin,,,,,,,,
"Central Frontenac, Township of",Lower Tier,Frontenac,,,,,,,,
"Central Huron, Municipality of",Lower Tier,Huron,,,,,,,,
"Central Manitoulin, Municipality of",Single Tier,Manitoulin,,,,,,,,
"Centre Hastings, Municipality of",Lower Tier,Hastings,,,,,,,,
"Centre Wellington, Township of",Lower Tier,Wellington,,,,,,,,
"Chamberlain, Township of",Single Tier,Timiskaming,,,,,,,,
"Champlain, Township of",Lower Tier,Prescott and Russell,,,,,,,,
"Chapleau, Township of",Single Tier,Sudbury,,,,,,,,
"Chapple, Township of",Single Tier,Rainy River,,,,,,,,
"Charlton and Dack, Municipality of",Single Tier,Timiskaming,,,,,,,,
"Chatham-Kent, Municipality of",Single Tier,Chatham-Kent,,,,,,,,
"Chatsworth, Township of",Lower Tier,Grey,,,,,,,,
"Chisholm, Township of",Single Tier,Nipissing,,,,,,,,
"Clarence-Rockland, City of",Lower Tier,Prescott and Russell,,,,,,,,
"Clarington, Municipality of",Lower Tier,Durham,,,,,,,,
"Clearview, Township of",Lower Tier,Simcoe,,,,,,,,
"Cobalt, Town of",Single Tier,Timiskaming,,,,,,,,
"Cobourg, Town of",Lower Tier,Northumberland,,,,,,,,
"Cochrane, Town of",Single Tier,Cochrane,,,,,,,,
"Cockburn Island, Township of",Single Tier,Manitoulin,,,,,,,,
"Coleman, Township of",Single Tier,Timiskaming,,,,,,,,
"Collingwood, Town of",Lower Tier,Simcoe,,,,,,,,
"Conmee, Township of",Single Tier,Thunder Bay,,,,,,,,
"Cornwall, City of",Single Tier,"Stormont, Dundas and Glengarry",,,,,,,,
"Cramahe, Township of",Lower Tier,Northumberland,,,,,,,,
"Dawn-Euphemia, Township of",Lower Tier,Lambton,,,,,,,,
"Dawson, Township of",Single Tier,Rainy River,,,,,,,,
"Deep River, Town of",Lower Tier,Renfrew,,,,,,,,
"Deseronto, Town of",Lower Tier,Hastings,,,,,,,,
"Dorion, Township of",Single Tier,Thunder Bay,,,,,,,,
"Douro-Dummer, Township of",Lower Tier,Peterborough,,,,,,,,
"Drummond/North Elmsley, Township of",Lower Tier,Lanark,,,,,,,,
"Dryden, City of",Single Tier,Kenora,,,,,,,,
"Dubreuilville, Township of",Single Tier,Algoma,,,,,,,,
"Dufferin, County of",Upper Tier,Dufferin,,,,,,,,
"Durham, Regional Municipality of",Upper Tier,Durham,,,,,,,,
"Dutton/Dunwich, Municipality of",Lower Tier,Elgin,,,,,,,,
"Dysart, Dudley, Harcourt, Guilford, Harburn, Bruton, Havelock, Eyre and Clyde, United Townships of",Lower Tier,Haliburton,,,,,,,,
"Ear Falls, Township of",Single Tier,Kenora,,,,,,,,
"East Ferris, Township of",Single Tier,Nipissing,,,,,,,,
"East Garafraxa, Township of",Lower Tier,Dufferin,,,,,,,,
"East Gwillimbury, Town of",Lower Tier,York,,,,,,,,
"East Hawkesbury, Township of",Lower Tier,Prescott and Russell,,,,,,,,
"East Zorra-Tavistock, Township of",Lower Tier,Oxford,,,,,,,,
"Edwardsburgh/Cardinal, Township of",Lower Tier,Leeds and Grenville,,,,,,,,
"Elgin, County of",Upper Tier,Elgin,,,,,,,,
"Elizabethtown-Kitley, Township of",Lower Tier,Leeds and Grenville,,,,,,,,
"Elliot Lake, City of",Single Tier,Algoma,,,,,,,,
"Emo, Township of",Single Tier,Rainy River,,,,,,,,
"Englehart, Town of",Single Tier,Timiskaming,,,,,,,,
"Enniskillen, Township of",Lower Tier,Lambton,,,,,,,,
"Erin, Town of",Lower Tier,Wellington,,,,,,,,
"Espanola, Town of",Single Tier,Sudbury,,,,,,,,
"Essa, Township of",Lower Tier,Simcoe,,,,,,,,
"Essex, County of",Upper Tier,Essex,,,,,,,,
"Essex, Town of",Lower Tier,Essex,,,,,,,,
"Evanturel, Township of",Single Tier,Timiskaming,,,,,,,,
"Faraday, Township of",Lower Tier,Hastings,,,,,,,,
"Fauquier-Strickland, Township of",Single Tier,Cochrane,,,,,,,,
"Fort Erie, Town of",Lower Tier,Niagara,,,,,,,,
"Fort Frances, Town of",Single Tier,Rainy River,,,,,,,,
"French River, Municipality of",Single Tier,Sudbury,,,,,,,,
"Front of Yonge, Township of",Lower Tier,Leeds and Grenville,,,,,,,,
"Frontenac Islands, Township of",Lower Tier,Frontenac,,,,,,,,
"Frontenac, County of",Upper Tier,Frontenac,,,,,,,,
"Gananoque, Town of",Single Tier,Leeds and Grenville,,,,,,,,
"Gauthier, Township of",Single Tier,Timiskaming,,,,,,,,
"Georgian Bay, Township of",Lower Tier,Muskoka,,,,,,,,
"Georgian Bluffs, Township of",Lower Tier,Grey,,,,,,,,
"Georgina, Town of",Lower Tier,York,,,,,,,,
"Gillies, Township of",Single Tier,Thunder Bay,,,,,,,,
"Goderich, Town of",Lower Tier,Huron,,,,,,,,
"Gordon/Barrie Island, Municipality of",Single Tier,Manitoulin,,,,,,,,
"Gore Bay, Town of",Single Tier,Manitoulin,,,,,,,,
"Grand Valley, Town of",Lower Tier,Dufferin,,,,,,,,
"Gravenhurst, Town of",Lower Tier,Muskoka,,,,,,,,
"Greater Madawaska, Township of",Lower Tier,Renfrew,,,,,,,,
"Greater Napanee, Town of",Lower Tier,Lennox and Addington,,,,,,,,
"Greater Sudbury, City of",Single Tier,Sudbury,,,,,,,,
"Greenstone, Municipality of",Single Tier,Thunder Bay,,,,,,,,
"Grey Highlands, Municipality of",Lower Tier,Grey,,,,,,,,
"Grey, County of",Upper Tier,Grey,,,,,,,,
"Grimsby, Town of",Lower Tier,Niagara,,,,,,,,
"Guelph, City of",Single Tier,Wellington,,,,,,,,
"Guelph/Eramosa, Township of",Lower Tier,Wellington,,,,,,,,
Haldimand County,Single Tier,Haldimand,,,,,,,,
"Haliburton, County of",Upper Tier,Haliburton,,,,,,,,
"Halton Hills, Town of",Lower Tier,Halton,,,,,,,,
"Halton, Regional Municipality of",Upper Tier,Halton,,,,,,,,
"Hamilton, City of",Single Tier,Hamilton,,,,,,,,
"Hamilton, Township of",Lower Tier,Northumberland,,,,,,,,
"Hanover, Town of",Lower Tier,Grey,,,,,,,,
"Harley, Township of",Single Tier,Timiskaming,,,,,,,,
"Harris, Township of",Single Tier,Timiskaming,,,,,,,,
"Hastings Highlands, Municipality of",Lower Tier,Hastings,,,,,,,,
"Hastings, County of",Upper Tier,Hastings,,,,,,,,
"Havelock-Belmont-Methuen, Township of",Lower Tier,Peterborough,,,,,,,,
"Hawkesbury, Town of",Lower Tier,Prescott and Russell,,,,,,,,
"Head, Clara and Maria, Township of",Lower Tier,Renfrew,,,,,,,,
"Hearst, Town of",Single Tier,Cochrane,,,,,,,,
"Highlands East, Municipality of",Lower Tier,Haliburton,,,,,,,,
"Hilliard, Township of",Single Tier,Timiskaming,,,,,,,,
"Hilton Beach, Village of",Single Tier,Algoma,,,,,,,,
"Hilton, Township of",Single Tier,Algoma,,,,,,,,
"Hornepayne, Township of",Single Tier,Algoma,,,,,,,,
"Horton, Township of",Lower Tier,Renfrew,,,,,,,,
"Howick, Township of",Lower Tier,Huron,,,,,,,,
"Hudson, Township of",Single Tier,Timiskaming,,,,,,,,
"Huntsville, Town of",Lower Tier,Muskoka,,,,,,,,
"Huron East, Municipality of",Lower Tier,Huron,,,,,,,,
"Huron Shores, Municipality of",Single Tier,Algoma,,,,,,,,
"Huron, County of",Upper Tier,Huron,,,,,,,,
"Huron-Kinloss, Township of",Lower Tier,Bruce,,,,,,,,
"Ignace, Township of",Single Tier,Kenora,,,,,,,,
"Ingersoll, Town of",Lower Tier,Oxford,,,,,,,,
"Innisfil, Town of",Lower Tier,Simcoe,,,,,,,,
"Iroquois Falls, Town of",Single Tier,Cochrane,,,,,,,,
"James, Township of",Single Tier,Timiskaming,,,,,,,,
"Jocelyn, Township of",Single Tier,Algoma,,,,,,,,
"Johnson, Township of",Single Tier,Algoma,,,,,,,,
"Joly, Township of",Single Tier,Parry Sound,,,,,,,,
"Kapuskasing, Town of",Single Tier,Cochrane,,,,,,,,
"Kawartha Lakes, City of",Single Tier,Kawartha Lakes,,,,,,,,
"Kearney, Town of",Single Tier,Parry Sound,,,,,,,,
"Kenora, City of",Single Tier,Kenora,,,,,,,,
"Kerns, Township of",Single Tier,Timiskaming,,,,,,,,
"Killaloe, Hagarty and Richards, Township of",Lower Tier,Renfrew,,,,,,,,
"Killarney, Municipality of",Single Tier,Sudbury,,,,,,,,
"Kincardine, Municipality of",Lower Tier,Bruce,,,,,,,,
"King, Township of",Lower Tier,York,,,,,,,,
"Kingston, City of",Single Tier,Frontenac,,,,,,,,
"Kingsville, Town of",Lower Tier,Essex,,,,,,,,
"Kirkland Lake, Town of",Single Tier,Timiskaming,,,,,,,,
"Kitchener, City of",Lower Tier,Waterloo,,,,,,,,
"La Vallee, Township of",Single Tier,Rainy River,,,,,,,,
"Laird, Township of",Single Tier,Algoma,,,,,,,,
"Lake of Bays, Township of",Lower Tier,Muskoka,,,,,,,,
"Lake of the Woods, Township of",Single Tier,Rainy River,,,,,,,,
"Lakeshore, Town of",Lower Tier,Essex,,,,,,,,
"Lambton Shores, Municipality of",Lower Tier,Lambton,,,,,,,,
"Lambton, County of",Upper Tier,Lambton,,,,,,,,
"Lanark Highlands, Township of",Lower Tier,Lanark,,,,,,,,
"Lanark, County of",Upper Tier,Lanark,,,,,,,,
"Larder Lake, Township of",Single Tier,Timiskaming,,,,,,,,
"LaSalle, Town of",Lower Tier,Essex,,,,,,,,
"Latchford, Town of",Single Tier,Timiskaming,,,,,,,,
"Laurentian Hills, Town of",Lower Tier,Renfrew,,,,,,,,
"Laurentian Valley, Township of",Lower Tier,Renfrew,,,,,,,,
"Leamington, Municipality of",Lower Tier,Essex,,,,,,,,
"Leeds and Grenville, United Counties of",Upper Tier,Leeds and Grenville,,,,,,,,
"Leeds and the Thousand Islands, Township of",Lower Tier,Leeds and Grenville,,,,,,,,
"Lennox and Addington, County of",Upper Tier,Lennox and Addington,,,,,,,,
"Limerick, Township of",Lower Tier,Hastings,,,,,,,,
"Lincoln, Town of",Lower Tier,Niagara,,,,,,,,
"London, City of",Single Tier,Middlesex,,,,,,,,
"Loyalist, Township of",Lower Tier,Lennox and Addington,,,,,,,,
"Lucan Biddulph, Township of",Lower Tier,Middlesex,,,,,,,,
"Macdonald, Meredith and Aberdeen Additional, Township of",Single Tier,Algoma,,,,,,,,
"Machar, Township of",Single Tier,Parry Sound,,,,,,,,
"Machin, Township of",Single Tier,Kenora,,,,,,,,
"Madawaska Valley, Township of",Lower Tier,Renfrew,,,,,,,,
"Madoc, Township of",Lower Tier,Hastings,,,,,,,,
"Magnetawan, Municipality of",Single Tier,Parry Sound,,,,,,,,
"Malahide, Township of",Lower Tier,Elgin,,,,,,,,
"Manitouwadge, Township of",Single Tier,Thunder Bay,,,,,,,,
"Mapleton, Township of",Lower Tier,Wellington,,,,,,,,
"Marathon, Town of",Single Tier,Thunder Bay,,,,,,,,
"Markham, City of",Lower Tier,York,,,,,,,,
"Markstay-Warren, Municipality of",Single Tier,Sudbury,,,,,,,,
"Marmora and Lake, Municipality of",Lower Tier,Hastings,,,,,,,,
"Matachewan, Township of",Single Tier,Timiskaming,,,,,,,,
"Mattawa, Town of",Single Tier,Nipissing,,,,,,,,
"Mattawan, Township of",Single Tier,Nipissing,,,,,,,,
"Mattice-Val Côté, Township of",Single Tier,Cochrane,,,,,,,,
"McDougall, Township of",Single Tier,Parry Sound,,,,,,,,
"McGarry, Township of",Single Tier,Timiskaming,,,,,,,,
"McKellar, Township of",Single Tier,Parry Sound,,,,,,,,
"McMurrich/Monteith, Township of",Single Tier,Parry Sound,,,,,,,,
"McNab/Braeside, Township of",Lower Tier,Renfrew,,,,,,,,
"Meaford, Municipality of",Lower Tier,Grey,,,,,,,,
"Melancthon, Township of",Lower Tier,Dufferin,,,,,,,,
"Merrickville-Wolford, Village of",Lower Tier,Leeds and Grenville,,,,,,,,
"Middlesex Centre, Municipality of",Lower Tier,Middlesex,,,,,,,,
"Middlesex, County of",Upper Tier,Middlesex,,,,,,,,
"Midland, Town of",Lower Tier,Simcoe,,,,,,,,
"Milton, Town of",Lower Tier,Halton,,,,,,,,
"Minden Hills, Township of",Lower Tier,Haliburton,,,,,,,,
"Minto, Town of",Lower Tier,Wellington,,,,,,,,
"Mississauga, City of",Lower Tier,Peel,,,,,,,,
"Mississippi Mills, Town of",Lower Tier,Lanark,,,,,,,,
"Mono, Town of",Lower Tier,Dufferin,,,,,,,,
"Montague, Township of",Lower Tier,Lanark,,,,,,,,
"Moonbeam, Township of",Single Tier,Cochrane,,,,,,,,
"Moosonee, Town of",Single Tier,Cochrane,,,,,,,,
"Morley, Township of",Single Tier,Rainy River,,,,,,,,
"Morris-Turnberry, Municipality of",Lower Tier,Huron,,,,,,,,
"Mulmur, Township of",Lower Tier,Dufferin,,,,,,,,
"Muskoka Lakes, Township of",Lower Tier,Muskoka,,,,,,,,
"Muskoka, District Municipality of",Upper Tier,Muskoka,,,,,,,,
"Nairn and Hyman, Township of",Single Tier,Sudbury,,,,,,,,
"Neebing, Municipality of",Single Tier,Thunder Bay,,,,,,,,
"New Tecumseth, Town of",Lower Tier,Simcoe,,,,,,,,
"Newbury, Village of",Lower Tier,Middlesex,,,,,,,,
"Newmarket, Town of",Lower Tier,York,,,,,,,,
"Niagara Falls, City of",Lower Tier,Niagara,,,,,,,,
"Niagara, Regional Municipality of",Upper Tier,Niagara,,,,,,,,
"Niagara-on-the-Lake, Town of",Lower Tier,Niagara,,,,,,,,
"Nipigon, Township of",Single Tier,Thunder Bay,,,,,,,,
"Nipissing, Township of",Single Tier,Parry Sound,,,,,,,,
Norfolk County,Single Tier,Norfolk,,,,,,,,
"North Algona Wilberforce, Township of",Lower Tier,Renfrew,,,,,,,,
"North Bay, City of",Single Tier,Nipissing,,,,,,,,
"North Dumfries, Township of",Lower Tier,Waterloo,,,,,,,,
"North Dundas, Township of",Lower Tier,"Stormont, Dundas and Glengarry",,,,,,,,
"North Frontenac, Township of",Lower Tier,Frontenac,,,,,,,,
"North Glengarry, Township of",Lower Tier,"Stormont, Dundas and Glengarry",,,,,,,,
"North Grenville, Municipality of",Lower Tier,Leeds and Grenville,,,,,,,,
"North Huron, Township of",Lower Tier,Huron,,,,,,,,
"North Kawartha, Township of",Lower Tier,Peterborough,,,,,,,,
"North Middlesex, Municipality of",Lower Tier,Middlesex,,,,,,,,
"North Perth, Municipality of",Lower Tier,Perth,,,,,,,,
"North Stormont, Township of",Lower Tier,"Stormont, Dundas and Glengarry",,,,,,,,
"Northeastern Manitoulin and The Islands, Town of",Single Tier,Manitoulin,,,,,,,,
"Northern Bruce Peninsula, Municipality of",Lower Tier,Bruce,,,,,,,,
"Northumberland, County of",Upper Tier,Northumberland,,,,,,,,
"Norwich, Township of",Lower Tier,Oxford,,,,,,,,
"Oakville, Town of",Lower Tier,Halton,,,,,,,,
"O'Connor, Township of",Single Tier,Thunder Bay,,,,,,,,
"Oil Springs, Village of",Lower Tier,Lambton,,,,,,,,
"Oliver Paipoonge, Municipality of",Single Tier,Thunder Bay,,,,,,,,
"Opasatika, Township of",Single Tier,Cochrane,,,,,,,,
"Orangeville, Town of",Lower Tier,Dufferin,,,,,,,,
"Orillia, City of",Single Tier,Simcoe,,,,,,,,
"Oro-Medonte, Township of",Lower Tier,Simcoe,,,,,,,,
"Oshawa, City of",Lower Tier,Durham,,,,,,,,
"Otonabee-South Monaghan, Township of",Lower Tier,Peterborough,,,,,,,,
"Ottawa, City of",Single Tier,Ottawa,,,,,,,,
"Owen Sound, City of",Lower Tier,Grey,,,,,,,,
"Oxford, County of",Upper Tier,Oxford,,,,,,,,
"Papineau-Cameron, Township of",Single Tier,Nipissing,,,,,,,,
"Parry Sound, Town of",Single Tier,Parry Sound,,,,,,,,
"Peel, Regional Municipality of",Upper Tier,Peel,,,,,,,,
"Pelee, Township of",Single Tier,Essex,,,,,,,,
"Pelham, Town of",Lower Tier,Niagara,,,,,,,,
"Pembroke, City of",Single Tier,Renfrew,,,,,,,,
"Penetanguishene, Town of",Lower Tier,Simcoe,,,,,,,,
"Perry, Township of",Single Tier,Parry Sound,,,,,,,,
"Perth East, Township of",Lower Tier,Perth,,,,,,,,
"Perth South, Township of",Lower Tier,Perth,,,,,,,,
"Perth, County of",Upper Tier,Perth,,,,,,,,
"Perth, Town of",Lower Tier,Lanark,,,,,,,,
"Petawawa, Town of",Lower Tier,Renfrew,,,,,,,,
"Peterborough, City of",Single Tier,Peterborough,,,,,,,,
"Peterborough, County of",Upper Tier,Peterborough,,,,,,,,
"Petrolia, Town of",Lower Tier,Lambton,,,,,,,,
"Pickering, City of",Lower Tier,Durham,,,,,,,,
"Pickle Lake, Township of",Single Tier,Kenora,,,,,,,,
"Plummer Additional, Township of",Single Tier,Algoma,,,,,,,,
"Plympton-Wyoming, Town of",Lower Tier,Lambton,,,,,,,,
"Point Edward, Village of",Lower Tier,Lambton,,,,,,,,
"Port Colborne, City of",Lower Tier,Niagara,,,,,,,,
"Port Hope, Municipality of",Lower Tier,Northumberland,,,,,,,,
"Powassan, Municipality of",Single Tier,Parry Sound,,,,,,,,
"Prescott and Russell, United Counties of",Upper Tier,Prescott and Russell,,,,,,,,
"Prescott, Town of",Single Tier,Leeds and Grenville,,,,,,,,
"Prince Edward, County of",Single Tier,Prince Edward,,,,,,,,
"Prince, Township of",Single Tier,Algoma,,,,,,,,
"Puslinch, Township of",Lower Tier,Wellington,,,,,,,,
"Quinte West, City of",Single Tier,Hastings,,,,,,,,
"Rainy River, Town of",Single Tier,Rainy River,,,,,,,,
"Ramara, Township of",Lower Tier,Simcoe,,,,,,,,
"Red Lake, Municipality of",Single Tier,Kenora,,,,,,,,
"Red Rock, Township of",Single Tier,Thunder Bay,,,,,,,,
"Renfrew, County of",Upper Tier,Renfrew,,,,,,,,
"Renfrew, Town of",Lower Tier,Renfrew,,,,,,,,
"Richmond Hill, Town of",Lower Tier,York,,,,,,,,
"Rideau Lakes, Township of",Lower Tier,Leeds and Grenville,,,,,,,,
"Russell, Township of",Lower Tier,Prescott and Russell,,,,,,,,
"Ryerson, Township of",Single Tier,Parry Sound,,,,,,,,
"Sables-Spanish Rivers, Township of",Single Tier,Sudbury,,,,,,,,
"Sarnia, City of",Lower Tier,Lambton,,,,,,,,
"Saugeen Shores, Town of",Lower Tier,Bruce,,,,,,,,
"Sault Ste. Marie, City of",Single Tier,Algoma,,,,,,,,
"Schreiber, Township of",Single Tier,Thunder Bay,,,,,,,,
"Scugog, Township of",Lower Tier,Durham,,,,,,,,
"Seguin, Township of",Single Tier,Parry Sound,,,,,,,,
"Selwyn, Township of",Lower Tier,Peterborough,,,,,,,,
"Selwyn, Township of",Lower Tier,Peterborough,,,,,,,,
"Severn, Township of",Lower Tier,Simcoe,,,,,,,,
"Shelburne, Town of",Lower Tier,Dufferin,,,,,,,,
"Shuniah, Municipality of",Single Tier,Thunder Bay,,,,,,,,
"Simcoe, County of",Upper Tier,Simcoe,,,,,,,,
"Sioux Lookout, Municipality of",Single Tier,Kenora,,,,,,,,
"Sioux Narrows-Nestor Falls, Township of",Single Tier,Kenora,,,,,,,,
"Smiths Falls, Town of",Single Tier,Lanark,,,,,,,,
"Smooth Rock Falls, Town of",Single Tier,Cochrane,,,,,,,,
"South Algonquin, Township of",Single Tier,Nipissing,,,,,,,,
"South Bruce Peninsula, Town of",Lower Tier,Bruce,,,,,,,,
"South Bruce, Municipality of",Lower Tier,Bruce,,,,,,,,
"South Dundas, Municipality of",Lower Tier,"Stormont, Dundas and Glengarry",,,,,,,,
"South Frontenac, Township of",Lower Tier,Frontenac,,,,,,,,
"South Glengarry, Township of",Lower Tier,"Stormont, Dundas and Glengarry",,,,,,,,
"South Huron, Municipality of",Lower Tier,Huron,,,,,,,,
"South River, Village of",Single Tier,Parry Sound,,,,,,,,
"South Stormont, Township of",Lower Tier,"Stormont, Dundas and Glengarry",,,,,,,,
"Southgate, Township of",Lower Tier,Grey,,,,,,,,
"Southwest Middlesex, Municipality of",Lower Tier,Middlesex,,,,,,,,
"South-West Oxford, Township of",Lower Tier,Oxford,,,,,,,,
"Southwold, Township of",Lower Tier,Elgin,,,,,,,,
"Spanish, Town of",Single Tier,Algoma,,,,,,,,
"Springwater, Township of",Lower Tier,Simcoe,,,,,,,,
"St. Catharines, City of",Lower Tier,Niagara,,,,,,,,
"St. Clair, Township of",Lower Tier,Lambton,,,,,,,,
"St. Joseph, Township of",Single Tier,Algoma,,,,,,,,
"St. Marys, Town of",Single Tier,Perth,,,,,,,,
"St. Thomas, City of",Single Tier,Elgin,,,,,,,,
"St.-Charles, Municipality of",Single Tier,Sudbury,,,,,,,,
"Stirling-Rawdon, Township of",Lower Tier,Hastings,,,,,,,,
"Stone Mills, Township of",Lower Tier,Lennox and Addington,,,,,,,,
"Stormont, Dundas and Glengarry, United Counties of",Upper Tier,"Stormont, Dundas and Glengarry",,,,,,,,
"Stratford, City of",Single Tier,Perth,,,,,,,,
"Strathroy-Caradoc, Township of",Lower Tier,Middlesex,,,,,,,,
"Strong, Township of",Single Tier,Parry Sound,,,,,,,,
"Sundridge, Village of",Single Tier,Parry Sound,,,,,,,,
"Tarbutt and Tarbutt Additional, Township of",Single Tier,Algoma,,,,,,,,
"Tay Valley, Township of",Lower Tier,Lanark,,,,,,,,
"Tay, Township of",Lower Tier,Simcoe,,,,,,,,
"Tecumseh, Town of",Lower Tier,Essex,,,,,,,,
"Tehkummah, Township of",Single Tier,Manitoulin,,,,,,,,
"Temagami, Municipality of",Single Tier,Nipissing,,,,,,,,
"Temiskaming Shores, City of",Single Tier,Timiskaming,,,,,,,,
"Terrace Bay, Township of",Single Tier,Thunder Bay,,,,,,,,
"Thames Centre, Municipality of",Lower Tier,Middlesex,,,,,,,,
"The Archipelago, Township of",Single Tier,Parry Sound,,,,,,,,
"The Blue Mountains, Town of",Lower Tier,Grey,,,,,,,,
The Nation Municipality,Lower Tier,Prescott and Russell,,,,,,,,
"The North Shore, Township of",Single Tier,Algoma,,,,,,,,
"Thessalon, Town of",Single Tier,Algoma,,,,,,,,
"Thornloe, Village of",Single Tier,Timiskaming,,,,,,,,
"Thorold, City of",Lower Tier,Niagara,,,,,,,,
"Thunder Bay, City of",Single Tier,Thunder Bay,,,,,,,,
"Tillsonburg, Town of",Lower Tier,Oxford,,,,,,,,
"Timmins, City of",Single Tier,Cochrane,,,,,,,,
"Tiny, Township of",Lower Tier,Simcoe,,,,,,,,
"Toronto, City of",Single Tier,Toronto,,,,,,,,
"Trent Hills, Municipality of",Lower Tier,Northumberland,,,,,,,,
"Trent Lakes, Municipality of",Lower Tier,Peterborough,,,,,,,,
"Tudor and Cashel, Township of",Lower Tier,Hastings,,,,,,,,
"Tweed, Municipality of",Lower Tier,Hastings,,,,,,,,
"Tyendinaga, Township of",Lower Tier,Hastings,,,,,,,,
"Uxbridge, Township of",Lower Tier,Durham,,,,,,,,
"Val Rita-Harty, Township of",Single Tier,Cochrane,,,,,,,,
"Vaughan, City of",Lower Tier,York,,,,,,,,
"Wainfleet, Township of",Lower Tier,Niagara,,,,,,,,
"Warwick, Township of",Lower Tier,Lambton,,,,,,,,
"Wasaga Beach, Town of",Lower Tier,Simcoe,,,,,,,,
"Waterloo, City of",Lower Tier,Waterloo,,,,,,,,
"Waterloo, Regional Municipality of",Upper Tier,Waterloo,,,,,,,,
"Wawa, Municipality of",Single Tier,Algoma,,,,,,,,
"Welland, City of",Lower Tier,Niagara,,,,,,,,
"Wellesley, Township of",Lower Tier,Waterloo,,,,,,,,
"Wellington North, Township of",Lower Tier,Wellington,,,,,,,,
"Wellington, County of",Upper Tier,Wellington,,,,,,,,
"West Elgin, Municipality of",Lower Tier,Elgin,,,,,,,,
"West Grey, Municipality of",Lower Tier,Grey,,,,,,,,
"West Lincoln, Township of",Lower Tier,Niagara,,,,,,,,
"West Nipissing, Municipality of",Single Tier,Nipissing,,,,,,,,
"West Perth, Municipality of",Lower Tier, ,,,,,,,,
"Westport, Village of",Lower Tier,Leeds and Grenville,,,,,,,,
"Whitby, Town of",Lower Tier,Durham,,,,,,,,
"Whitchurch-Stouffville, Town of",Lower Tier,York,,,,,,,,
"White River, Township of",Single Tier,Algoma,,,,,,,,
"Whitestone, Municipality of",Single Tier,Parry Sound,,,,,,,,
"Whitewater Region, Township of",Lower Tier,Renfrew,,,,,,,,
"Wilmot, Township of",Lower Tier,Waterloo,,,,,,,,
"Windsor, City of",Single Tier,Essex,,,,,,,,
"Wollaston, Township of",Lower Tier,Hastings,,,,,,,,
"Woodstock, City of",Lower Tier,Oxford,,,,,,,,
"Woolwich, Township of",Lower Tier,Waterloo,,,,,,,,
"York, Regional Municipality of",Upper Tier,York,,,,,,,,
"Zorra, Township of",Lower Tier,Oxford,,,,,,,,
